method_name,utilization,schedulability_ratio
RTA_SS_tol_fb_early,0.7,0.99
RTA_SS_tol_fb_early,0.75,0.93
RTA_SS_tol_fb_early,0.8,0.78
RTA_SS_tol_fb_early,0.85,0.6
RTA_SS_tol_fb_early,0.9,0.42
RTA_UNI_tol_fb,0.7,1.0
RTA_UNI_tol_fb,0.75,1.0
RTA_UNI_tol_fb,0.8,0.98
RTA_UNI_tol_fb,0.85,0.56
RTA_UNI_tol_fb,0.9,0.14
RTA_UNI_opt,0.7,1.0
RTA_UNI_opt,0.75,1.0
RTA_UNI_opt,0.8,0.96
RTA_UNI_opt,0.85,0.51
RTA_UNI_opt,0.9,0.13
RTA_UNI_heu,0.7,1.0
RTA_UNI_heu,0.75,1.0
RTA_UNI_heu,0.8,0.96
RTA_UNI_heu,0.85,0.5
RTA_UNI_heu,0.9,0.13
RTA_SS_heu,0.7,0.98
RTA_SS_heu,0.75,0.86
RTA_SS_heu,0.8,0.59
RTA_SS_heu,0.85,0.34
RTA_SS_heu,0.9,0.16
RTA_SS_opt,0.7,0.98
RTA_SS_opt,0.75,0.85
RTA_SS_opt,0.8,0.58
RTA_SS_opt,0.85,0.33
RTA_SS_opt,0.9,0.14
